# EMAIL	DOMAIN	BROKER	PERSONAL	SOURCE
confetti-cake_50x_1c90a3c2-da62-4b40-a89b-3d02accd5d3c_750x@2x.jpg	2x.jpg	0	0	https://cocofloss.com	https://www.shopify.com/blog/shopify-stores
pure_peppermint_64x@2x.png	2x.png	0	0	https://cocofloss.com	https://www.shopify.com/blog/shopify-stores
captura_de_ecra_2026-01-14_as_18.41.38_1000x@2x.png	2x.png	0	0	https://cocofloss.com	https://www.shopify.com/blog/shopify-stores
pdp_cocofloss_delightfulmint_thin_33yd_800x@2x.png	2x.png	0	0	https://cocofloss.com	https://www.shopify.com/blog/shopify-stores
refillehp_cocofloss_ongray_017large_1000x@2x.jpg	2x.jpg	0	0	https://cocofloss.com	https://www.shopify.com/blog/shopify-stores
captura_de_ecra_2026-01-14_as_18.41.38_750x@2x.png	2x.png	0	0	https://cocofloss.com	https://www.shopify.com/blog/shopify-stores
ehp_cocofloss_ongray_017_764d8494-7c4b-452c-a9f3-b8974d56c3e2_1000x@2x.jpg	2x.jpg	0	0	https://cocofloss.com	https://www.shopify.com/blog/shopify-stores
cocofloss_thin_4_pack_2000x2000px-2_226x@2x.jpg	2x.jpg	0	0	https://cocofloss.com	https://www.shopify.com/blog/shopify-stores
pdp_cocofloss_readysetjetcompletebundle_2000x2000px_500x@2x.png	2x.png	0	0	https://cocofloss.com	https://www.shopify.com/blog/shopify-stores
rectangle_2108_500x@2x.png	2x.png	0	0	https://cocofloss.com	https://www.shopify.com/blog/shopify-stores
summer-watermelon_50x_8f095bd0-c7d2-431b-90de-2da9ec5a8188_1000x@2x.png	2x.png	0	0	https://cocofloss.com	https://www.shopify.com/blog/shopify-stores
011326_site_hp_module_aboutus_v2_375x@2x.jpg	2x.jpg	0	0	https://cocofloss.com	https://www.shopify.com/blog/shopify-stores
pdp_cocofloss_delightfulmint_thin_33yd_1000x@2x.png	2x.png	0	0	https://cocofloss.com	https://www.shopify.com/blog/shopify-stores
011326_site_hp_module_aboutus_v2_1100x@2x.jpg	2x.jpg	0	0	https://cocofloss.com	https://www.shopify.com/blog/shopify-stores
confetti-cake_50x_1c90a3c2-da62-4b40-a89b-3d02accd5d3c_1000x@2x.jpg	2x.jpg	0	0	https://cocofloss.com	https://www.shopify.com/blog/shopify-stores
pdp_cocofloss_readysetjetcompletebundle_2000x2000px_fc0f38f0-0404-4293-aa62-83f2bf7ff6a6_100x@2x.png	2x.png	0	0	https://cocofloss.com	https://www.shopify.com/blog/shopify-stores
confetti-cake_50x_1c90a3c2-da62-4b40-a89b-3d02accd5d3c_64x@2x.jpg	2x.jpg	0	0	https://cocofloss.com	https://www.shopify.com/blog/shopify-stores
com_pdp_product_2000x2000px-2_69d20cc2-09a2-4ebc-80ea-7d4578b3826d_500x@2x.png	2x.png	0	0	https://cocofloss.com	https://www.shopify.com/blog/shopify-stores
mixed-fragrances_64x@2x.png	2x.png	0	0	https://cocofloss.com	https://www.shopify.com/blog/shopify-stores
011326_site_hp_module_yourdailyhit_1650x@2x.jpg	2x.jpg	0	0	https://cocofloss.com	https://www.shopify.com/blog/shopify-stores
011326_site_hp_module_yourdailyhit_500x@2x.jpg	2x.jpg	0	0	https://cocofloss.com	https://www.shopify.com/blog/shopify-stores
pdp_com_cocofloss_confetticake_33yd_800x@2x.jpg	2x.jpg	0	0	https://cocofloss.com	https://www.shopify.com/blog/shopify-stores
012226_site_hp_mini_320x@2x.jpg	2x.jpg	0	0	https://cocofloss.com	https://www.shopify.com/blog/shopify-stores
cocofloss_33yd_delightful-mint_2000x2000px_4_500x@2x.png	2x.png	0	0	https://cocofloss.com	https://www.shopify.com/blog/shopify-stores
com_pdp_product_2000x2000px_2_500x@2x.png	2x.png	0	0	https://cocofloss.com	https://www.shopify.com/blog/shopify-stores
everythingset_2000x2000px_1600x1_a398e9cb-4185-43ea-8206-f686cf37edc8_226x@2x.jpg	2x.jpg	0	0	https://cocofloss.com	https://www.shopify.com/blog/shopify-stores
fresh-coconut-and-delicious-mint_50x_47606356-f6da-4ba1-97ba-29f6d1b5eecf_750x@2x.png	2x.png	0	0	https://cocofloss.com	https://www.shopify.com/blog/shopify-stores
cocolab_pdp_cocoshine_bundle_2000x2000px_500x@2x.png	2x.png	0	0	https://cocofloss.com	https://www.shopify.com/blog/shopify-stores
012226_site_hp_mini_1500x@2x.jpg	2x.jpg	0	0	https://cocofloss.com	https://www.shopify.com/blog/shopify-stores
lychee_breeze_750x@2x.png	2x.png	0	0	https://cocofloss.com	https://www.shopify.com/blog/shopify-stores
cocofloss_refill_delightful-mint_2000x2000px_226x@2x.jpg	2x.jpg	0	0	https://cocofloss.com	https://www.shopify.com/blog/shopify-stores
011326_site_hp_module_aboutus_v2_750x@2x.jpg	2x.jpg	0	0	https://cocofloss.com	https://www.shopify.com/blog/shopify-stores
com_pdp_product_2000x2000px_e9103249-819c-4437-97d7-ac56d4b4c816_500x@2x.png	2x.png	0	0	https://cocofloss.com	https://www.shopify.com/blog/shopify-stores
rectangle_2108_64x@2x.png	2x.png	0	0	https://cocofloss.com	https://www.shopify.com/blog/shopify-stores
cocofloss_33yd_delightful-mint_2000x2000px_4_1000x@2x.png	2x.png	0	0	https://cocofloss.com	https://www.shopify.com/blog/shopify-stores
pdp_cocofloss_delightfulmint_thin_33yd_226x@2x.png	2x.png	0	0	https://cocofloss.com	https://www.shopify.com/blog/shopify-stores
011326_site_hp_module_quiz_1500x@2x.jpg	2x.jpg	0	0	https://cocofloss.com	https://www.shopify.com/blog/shopify-stores
011326_site_hp_module_quiz_500x@2x.jpg	2x.jpg	0	0	https://cocofloss.com	https://www.shopify.com/blog/shopify-stores
captura_de_ecra_2026-01-14_as_18.41.38_64x@2x.png	2x.png	0	0	https://cocofloss.com	https://www.shopify.com/blog/shopify-stores
caracara-orange_50x_99232101-f66a-4f5f-91b2-a1936b987f71_1000x@2x.png	2x.png	0	0	https://cocofloss.com	https://www.shopify.com/blog/shopify-stores
vanilla_500x@2x.png	2x.png	0	0	https://cocofloss.com	https://www.shopify.com/blog/shopify-stores
cocolab_pdp_cocoshine_bundle_2000x2000px_226x@2x.png	2x.png	0	0	https://cocofloss.com	https://www.shopify.com/blog/shopify-stores
com_pdp_product_2000x2000px-1_65209f13-1185-41c4-b265-86d484ecf9b7_750x@2x.png	2x.png	0	0	https://cocofloss.com	https://www.shopify.com/blog/shopify-stores
cocoshineduomintbundle_a5a4b33c-517a-4325-84f2-b255eaf79f3a_750x@2x.png	2x.png	0	0	https://cocofloss.com	https://www.shopify.com/blog/shopify-stores
012226_site_hp_mini_500x@2x.jpg	2x.jpg	0	0	https://cocofloss.com	https://www.shopify.com/blog/shopify-stores
cocofloss_refill_delightful-mint_2000x2000px_1000x@2x.jpg	2x.jpg	0	0	https://cocofloss.com	https://www.shopify.com/blog/shopify-stores
everythingset_2000x2000px_1600x1_a398e9cb-4185-43ea-8206-f686cf37edc8_750x@2x.jpg	2x.jpg	0	0	https://cocofloss.com	https://www.shopify.com/blog/shopify-stores
com_pdp_product_2000x2000px_2_750x@2x.png	2x.png	0	0	https://cocofloss.com	https://www.shopify.com/blog/shopify-stores
lychee_breeze_64x@2x.png	2x.png	0	0	https://cocofloss.com	https://www.shopify.com/blog/shopify-stores
cocolab_pdp_cocofloss_33yd_summer-watermelon_48bb81de-c46d-45fb-aa2b-1cb50ce23c72_724x@2x.png	2x.png	0	0	https://cocofloss.com	https://www.shopify.com/blog/shopify-stores
com_pdp_cocoshine_4oz_hero_delightfulmint_2000x2000px_226x@2x.jpg	2x.jpg	0	0	https://cocofloss.com	https://www.shopify.com/blog/shopify-stores
cocofloss_refill_delightful-mint_2000x2000px_750x@2x.jpg	2x.jpg	0	0	https://cocofloss.com	https://www.shopify.com/blog/shopify-stores
cocofloss_thin_4_pack_2000x2000px-2_750x@2x.jpg	2x.jpg	0	0	https://cocofloss.com	https://www.shopify.com/blog/shopify-stores
pdp_cocofloss_delightfulmint_33yd_661fa570-d899-43cf-84da-0c56ffe1f6d5_750x@2x.png	2x.png	0	0	https://cocofloss.com	https://www.shopify.com/blog/shopify-stores
cocolab_pdp_cocofloss_33yd_summer-watermelon_48bb81de-c46d-45fb-aa2b-1cb50ce23c72_800x@2x.png	2x.png	0	0	https://cocofloss.com	https://www.shopify.com/blog/shopify-stores
pdp_com_cocofloss_purepeppermint_33yd_724x@2x.png	2x.png	0	0	https://cocofloss.com	https://www.shopify.com/blog/shopify-stores
com_pdp_product_2000x2000px_2_1000x@2x.png	2x.png	0	0	https://cocofloss.com	https://www.shopify.com/blog/shopify-stores
cocolab_pdp_smileblissset_blueskies_2000x2000px_ef11b0ed-cf80-424c-882e-9774b76fff2b_750x@2x.png	2x.png	0	0	https://cocofloss.com	https://www.shopify.com/blog/shopify-stores
pdp_cocofloss_delightfulmint_thin_33yd_724x@2x.png	2x.png	0	0	https://cocofloss.com	https://www.shopify.com/blog/shopify-stores
pure-strawberries_50x_710d8638-e3b3-429e-9f38-a0a37ea3c0ba_64x@2x.png	2x.png	0	0	https://cocofloss.com	https://www.shopify.com/blog/shopify-stores
cocolab_pdp_cocobrush_5pack_2000x2000px_1_1000x@2x.png	2x.png	0	0	https://cocofloss.com	https://www.shopify.com/blog/shopify-stores
pdp_cocofloss_readysetjetcompletebundle_2000x2000px_fc0f38f0-0404-4293-aa62-83f2bf7ff6a6_750x@2x.png	2x.png	0	0	https://cocofloss.com	https://www.shopify.com/blog/shopify-stores
caracara-orange_50x_99232101-f66a-4f5f-91b2-a1936b987f71_500x@2x.png	2x.png	0	0	https://cocofloss.com	https://www.shopify.com/blog/shopify-stores
everythingset_2000x2000px_1600x1_a398e9cb-4185-43ea-8206-f686cf37edc8_1000x@2x.jpg	2x.jpg	0	0	https://cocofloss.com	https://www.shopify.com/blog/shopify-stores
011326_site_hp_module_yourdailyhit_1100x@2x.jpg	2x.jpg	0	0	https://cocofloss.com	https://www.shopify.com/blog/shopify-stores
com_pdp_cocoshine_4oz_hero_lycheebreeze_2000x2000px_1000x@2x.jpg	2x.jpg	0	0	https://cocofloss.com	https://www.shopify.com/blog/shopify-stores
electric-brush-refill_pdp_01_500x@2x.jpg	2x.jpg	0	0	https://cocofloss.com	https://www.shopify.com/blog/shopify-stores
011326_site_hp_module_aboutus_v2_1500x@2x.jpg	2x.jpg	0	0	https://cocofloss.com	https://www.shopify.com/blog/shopify-stores
pdp_cocofloss_readysetjetcompletebundle_2000x2000px_fc0f38f0-0404-4293-aa62-83f2bf7ff6a6_1000x@2x.png	2x.png	0	0	https://cocofloss.com	https://www.shopify.com/blog/shopify-stores
011326_site_hp_module_quiz_320x@2x.jpg	2x.jpg	0	0	https://cocofloss.com	https://www.shopify.com/blog/shopify-stores
com_pdp_product_2000x2000px_5ef45dab-e118-457e-bbad-31e01024c0af_1000x@2x.png	2x.png	0	0	https://cocofloss.com	https://www.shopify.com/blog/shopify-stores
sweet_pineapple_750x@2x.png	2x.png	0	0	https://cocofloss.com	https://www.shopify.com/blog/shopify-stores
electric-brush-refill_pdp_01_750x@2x.jpg	2x.jpg	0	0	https://cocofloss.com	https://www.shopify.com/blog/shopify-stores
cocofloss_33yd_delightful-mint_2000x2000px_4_100x@2x.png	2x.png	0	0	https://cocofloss.com	https://www.shopify.com/blog/shopify-stores
refillehp_cocofloss_ongray_017large_500x@2x.jpg	2x.jpg	0	0	https://cocofloss.com	https://www.shopify.com/blog/shopify-stores
pdp_cocofloss_delightfulmint_33yd_661fa570-d899-43cf-84da-0c56ffe1f6d5_100x@2x.png	2x.png	0	0	https://cocofloss.com	https://www.shopify.com/blog/shopify-stores
com_pdp_product_2000x2000pxcopy3_1000x@2x.png	2x.png	0	0	https://cocofloss.com	https://www.shopify.com/blog/shopify-stores
com_pdp_cocoshine_4oz_hero_pinacolada_2000x2000px_100x@2x.jpg	2x.jpg	0	0	https://cocofloss.com	https://www.shopify.com/blog/shopify-stores
com_pdp_cocoshine_4oz_hero_lycheebreeze_2000x2000px_100x@2x.jpg	2x.jpg	0	0	https://cocofloss.com	https://www.shopify.com/blog/shopify-stores
com_pdp_product_2000x2000px-1_65209f13-1185-41c4-b265-86d484ecf9b7_100x@2x.png	2x.png	0	0	https://cocofloss.com	https://www.shopify.com/blog/shopify-stores
cocolab_pdp_cocofloss_33yd_cara-cara-orange_8d83bed9-ac9b-4408-a7e1-6c93baf67d6c_724x@2x.png	2x.png	0	0	https://cocofloss.com	https://www.shopify.com/blog/shopify-stores
cocofloss_threaders_2000x2000px_6_750x@2x.png	2x.png	0	0	https://cocofloss.com	https://www.shopify.com/blog/shopify-stores
pdp_cocofloss_delightfulmint_33yd_661fa570-d899-43cf-84da-0c56ffe1f6d5_1000x@2x.png	2x.png	0	0	https://cocofloss.com	https://www.shopify.com/blog/shopify-stores
cocofloss_thin_4_pack_2000x2000px-2_500x@2x.jpg	2x.jpg	0	0	https://cocofloss.com	https://www.shopify.com/blog/shopify-stores
fresh-coconut_50x_d6d6318f-1371-4ea3-89f4-cdfbeb45c854_750x@2x.png	2x.png	0	0	https://cocofloss.com	https://www.shopify.com/blog/shopify-stores
pure-strawberries_50x_710d8638-e3b3-429e-9f38-a0a37ea3c0ba_1000x@2x.png	2x.png	0	0	https://cocofloss.com	https://www.shopify.com/blog/shopify-stores
com_pdp_cocoshine_4oz_hero_delightfulmint_2000x2000px_750x@2x.jpg	2x.jpg	0	0	https://cocofloss.com	https://www.shopify.com/blog/shopify-stores
com_pdp_product_2000x2000px_1_d716c028-842d-4d40-94fc-055553195832_100x@2x.png	2x.png	0	0	https://cocofloss.com	https://www.shopify.com/blog/shopify-stores
com_pdp_product_2000x2000px-1_65209f13-1185-41c4-b265-86d484ecf9b7_500x@2x.png	2x.png	0	0	https://cocofloss.com	https://www.shopify.com/blog/shopify-stores
cocofloss_thin_4_pack_2000x2000px-2_64x@2x.jpg	2x.jpg	0	0	https://cocofloss.com	https://www.shopify.com/blog/shopify-stores
012226_site_hp_mini_375x@2x.jpg	2x.jpg	0	0	https://cocofloss.com	https://www.shopify.com/blog/shopify-stores
cocoshineduomintbundle_02edbc42-2147-4d5b-9412-7c893dbad765_1000x@2x.png	2x.png	0	0	https://cocofloss.com	https://www.shopify.com/blog/shopify-stores
com_pdp_product_2000x2000px_f58ab5cc-7c4f-438c-91ad-8e69b01beefa_100x@2x.png	2x.png	0	0	https://cocofloss.com	https://www.shopify.com/blog/shopify-stores
011326_site_hp_module_aboutus_v2_500x@2x.jpg	2x.jpg	0	0	https://cocofloss.com	https://www.shopify.com/blog/shopify-stores
pure_peppermint_500x@2x.png	2x.png	0	0	https://cocofloss.com	https://www.shopify.com/blog/shopify-stores
fresh-coconut-and-delicious-mint_50x_47606356-f6da-4ba1-97ba-29f6d1b5eecf_64x@2x.png	2x.png	0	0	https://cocofloss.com	https://www.shopify.com/blog/shopify-stores
vanilla_1000x@2x.png	2x.png	0	0	https://cocofloss.com	https://www.shopify.com/blog/shopify-stores
pdp_cocofloss_delightfulmint_thin_33yd_750x@2x.png	2x.png	0	0	https://cocofloss.com	https://www.shopify.com/blog/shopify-stores
com_pdp_product_2000x2000px_e9103249-819c-4437-97d7-ac56d4b4c816_750x@2x.png	2x.png	0	0	https://cocofloss.com	https://www.shopify.com/blog/shopify-stores
cocoshineduomintbundle_02edbc42-2147-4d5b-9412-7c893dbad765_226x@2x.png	2x.png	0	0	https://cocofloss.com	https://www.shopify.com/blog/shopify-stores
fresh-coconut-and-delicious-mint_50x_47606356-f6da-4ba1-97ba-29f6d1b5eecf_1000x@2x.png	2x.png	0	0	https://cocofloss.com	https://www.shopify.com/blog/shopify-stores
cocoshineduomintbundle_226x@2x.png	2x.png	0	0	https://cocofloss.com	https://www.shopify.com/blog/shopify-stores
group_2303_750x@2x.jpg	2x.jpg	0	0	https://cocofloss.com	https://www.shopify.com/blog/shopify-stores
lychee_breeze_1000x@2x.png	2x.png	0	0	https://cocofloss.com	https://www.shopify.com/blog/shopify-stores
com_pdp_product_2000x2000px_f58ab5cc-7c4f-438c-91ad-8e69b01beefa_500x@2x.png	2x.png	0	0	https://cocofloss.com	https://www.shopify.com/blog/shopify-stores
com_pdp_product_2000x2000px_5ef45dab-e118-457e-bbad-31e01024c0af_500x@2x.png	2x.png	0	0	https://cocofloss.com	https://www.shopify.com/blog/shopify-stores
012226_site_hp_mini_750x@2x.jpg	2x.jpg	0	0	https://cocofloss.com	https://www.shopify.com/blog/shopify-stores
cocolab_pdp_smileblissset_blueskies_2000x2000px_ef11b0ed-cf80-424c-882e-9774b76fff2b_226x@2x.png	2x.png	0	0	https://cocofloss.com	https://www.shopify.com/blog/shopify-stores
cocoshineduomintbundle_500x@2x.png	2x.png	0	0	https://cocofloss.com	https://www.shopify.com/blog/shopify-stores
rectangle_2108_1000x@2x.png	2x.png	0	0	https://cocofloss.com	https://www.shopify.com/blog/shopify-stores
pdp_cocofloss_readysetjetcompletebundle_2000x2000pxcopy4_100x@2x.png	2x.png	0	0	https://cocofloss.com	https://www.shopify.com/blog/shopify-stores
cocolab_pdp_cocobrush_5pack_2000x2000px_1_750x@2x.png	2x.png	0	0	https://cocofloss.com	https://www.shopify.com/blog/shopify-stores
refillehp_cocofloss_ongray_017large_750x@2x.jpg	2x.jpg	0	0	https://cocofloss.com	https://www.shopify.com/blog/shopify-stores
pure_peppermint_750x@2x.png	2x.png	0	0	https://cocofloss.com	https://www.shopify.com/blog/shopify-stores
com_pdp_product_2000x2000px-2_69d20cc2-09a2-4ebc-80ea-7d4578b3826d_750x@2x.png	2x.png	0	0	https://cocofloss.com	https://www.shopify.com/blog/shopify-stores
cocofloss_threaders_2000x2000px_6_1000x@2x.png	2x.png	0	0	https://cocofloss.com	https://www.shopify.com/blog/shopify-stores
012226_site_hp_mini_1650x@2x.jpg	2x.jpg	0	0	https://cocofloss.com	https://www.shopify.com/blog/shopify-stores
screenshot_2026-03-09_at_4.55.45_pm_3b828781-6d56-484f-b1df-29a2f8c3ae5d_500x@2x.png	2x.png	0	0	https://cocofloss.com	https://www.shopify.com/blog/shopify-stores
com_pdp_product_2000x2000px-2_69d20cc2-09a2-4ebc-80ea-7d4578b3826d_100x@2x.png	2x.png	0	0	https://cocofloss.com	https://www.shopify.com/blog/shopify-stores
pdp_cocofloss_readysetjetcompletebundle_2000x2000pxcopy2_750x@2x.png	2x.png	0	0	https://cocofloss.com	https://www.shopify.com/blog/shopify-stores
com_pdp_product_2000x2000pxcopy3_500x@2x.png	2x.png	0	0	https://cocofloss.com	https://www.shopify.com/blog/shopify-stores
fresh-coconut-and-delicious-mint_50x_47606356-f6da-4ba1-97ba-29f6d1b5eecf_500x@2x.png	2x.png	0	0	https://cocofloss.com	https://www.shopify.com/blog/shopify-stores
cocolab_pdp_cocobrush_5pack_2000x2000px_1_500x@2x.png	2x.png	0	0	https://cocofloss.com	https://www.shopify.com/blog/shopify-stores
lychee_breeze_500x@2x.png	2x.png	0	0	https://cocofloss.com	https://www.shopify.com/blog/shopify-stores
summer-watermelon_50x_8f095bd0-c7d2-431b-90de-2da9ec5a8188_64x@2x.png	2x.png	0	0	https://cocofloss.com	https://www.shopify.com/blog/shopify-stores
group_326_03ecf679-b7c5-4d99-b358-b93cd48a859a_375x@2x.svg	2x.svg	0	0	https://cocofloss.com	https://www.shopify.com/blog/shopify-stores
cocolab_pdp_smileblissset_blueskies_2000x2000px_ef11b0ed-cf80-424c-882e-9774b76fff2b_500x@2x.png	2x.png	0	0	https://cocofloss.com	https://www.shopify.com/blog/shopify-stores
cocolab_pdp_cocofloss_33yd_vanilla-bean_74b3e4b8-27f8-433a-b823-849a506153dc_724x@2x.png	2x.png	0	0	https://cocofloss.com	https://www.shopify.com/blog/shopify-stores
011326_site_hp_module_aboutus_v2_1650x@2x.jpg	2x.jpg	0	0	https://cocofloss.com	https://www.shopify.com/blog/shopify-stores
com_pdp_product_2000x2000px_5ef45dab-e118-457e-bbad-31e01024c0af_100x@2x.png	2x.png	0	0	https://cocofloss.com	https://www.shopify.com/blog/shopify-stores
011326_site_hp_module_yourdailyhit_320x@2x.jpg	2x.jpg	0	0	https://cocofloss.com	https://www.shopify.com/blog/shopify-stores
caracara-orange_50x_99232101-f66a-4f5f-91b2-a1936b987f71_750x@2x.png	2x.png	0	0	https://cocofloss.com	https://www.shopify.com/blog/shopify-stores
group_2303_500x@2x.jpg	2x.jpg	0	0	https://cocofloss.com	https://www.shopify.com/blog/shopify-stores
cocofloss_33yd_delightful-mint_2000x2000px_4_226x@2x.png	2x.png	0	0	https://cocofloss.com	https://www.shopify.com/blog/shopify-stores
com_pdp_product_2000x2000px_f58ab5cc-7c4f-438c-91ad-8e69b01beefa_750x@2x.png	2x.png	0	0	https://cocofloss.com	https://www.shopify.com/blog/shopify-stores
pdp_cocofloss_readysetjetcompletebundle_2000x2000pxcopy4_750x@2x.png	2x.png	0	0	https://cocofloss.com	https://www.shopify.com/blog/shopify-stores
delicious-mint_500x@2x.webp	2x.webp	0	0	https://cocofloss.com	https://www.shopify.com/blog/shopify-stores
cocolab_pdp_cocofloss_33yd_wild-strawberry_7464623a-cdc8-4407-a2b2-f617419f5a1c_724x@2x.png	2x.png	0	0	https://cocofloss.com	https://www.shopify.com/blog/shopify-stores
mixed-fragrances_750x@2x.png	2x.png	0	0	https://cocofloss.com	https://www.shopify.com/blog/shopify-stores
com_pdp_product_2000x2000pxcopy3_750x@2x.png	2x.png	0	0	https://cocofloss.com	https://www.shopify.com/blog/shopify-stores
pdp_cocofloss_delightfulmint_33yd_661fa570-d899-43cf-84da-0c56ffe1f6d5_500x@2x.png	2x.png	0	0	https://cocofloss.com	https://www.shopify.com/blog/shopify-stores
mixed-fruits_50x_7ae38924-c9a5-4ded-a82e-9f03d6970e5f_500x@2x.webp	2x.webp	0	0	https://cocofloss.com	https://www.shopify.com/blog/shopify-stores
011326_site_hp_module_quiz_1100x@2x.jpg	2x.jpg	0	0	https://cocofloss.com	https://www.shopify.com/blog/shopify-stores
pure-strawberries_50x_710d8638-e3b3-429e-9f38-a0a37ea3c0ba_500x@2x.png	2x.png	0	0	https://cocofloss.com	https://www.shopify.com/blog/shopify-stores
com_pdp_product_2000x2000px_e9103249-819c-4437-97d7-ac56d4b4c816_226x@2x.png	2x.png	0	0	https://cocofloss.com	https://www.shopify.com/blog/shopify-stores
mixed-fragrances_500x@2x.png	2x.png	0	0	https://cocofloss.com	https://www.shopify.com/blog/shopify-stores
pure-strawberries_50x_710d8638-e3b3-429e-9f38-a0a37ea3c0ba_750x@2x.png	2x.png	0	0	https://cocofloss.com	https://www.shopify.com/blog/shopify-stores
pdp_cocofloss_delightfulmint_33yd_661fa570-d899-43cf-84da-0c56ffe1f6d5_226x@2x.png	2x.png	0	0	https://cocofloss.com	https://www.shopify.com/blog/shopify-stores
011326_site_hp_module_quiz_750x@2x.jpg	2x.jpg	0	0	https://cocofloss.com	https://www.shopify.com/blog/shopify-stores
electric-brush-refill_pdp_01_1000x@2x.jpg	2x.jpg	0	0	https://cocofloss.com	https://www.shopify.com/blog/shopify-stores
ehp_cocofloss_ongray_017_764d8494-7c4b-452c-a9f3-b8974d56c3e2_100x@2x.jpg	2x.jpg	0	0	https://cocofloss.com	https://www.shopify.com/blog/shopify-stores
com_pdp_product_2000x2000px_1_d716c028-842d-4d40-94fc-055553195832_1000x@2x.png	2x.png	0	0	https://cocofloss.com	https://www.shopify.com/blog/shopify-stores
mixed-fruits_50x_7ae38924-c9a5-4ded-a82e-9f03d6970e5f_1000x@2x.webp	2x.webp	0	0	https://cocofloss.com	https://www.shopify.com/blog/shopify-stores
cocoshineduomintbundle_02edbc42-2147-4d5b-9412-7c893dbad765_500x@2x.png	2x.png	0	0	https://cocofloss.com	https://www.shopify.com/blog/shopify-stores
pdp_cocofloss_readysetjetcompletebundle_2000x2000px_226x@2x.png	2x.png	0	0	https://cocofloss.com	https://www.shopify.com/blog/shopify-stores
fresh-coconut_50x_d6d6318f-1371-4ea3-89f4-cdfbeb45c854_500x@2x.png	2x.png	0	0	https://cocofloss.com	https://www.shopify.com/blog/shopify-stores
group_2303_320x@2x.jpg	2x.jpg	0	0	https://cocofloss.com	https://www.shopify.com/blog/shopify-stores
cocoshineduomintbundle_1000x@2x.png	2x.png	0	0	https://cocofloss.com	https://www.shopify.com/blog/shopify-stores
com_pdp_product_2000x2000px_f58ab5cc-7c4f-438c-91ad-8e69b01beefa_226x@2x.png	2x.png	0	0	https://cocofloss.com	https://www.shopify.com/blog/shopify-stores
fresh-coconut_50x_d6d6318f-1371-4ea3-89f4-cdfbeb45c854_64x@2x.png	2x.png	0	0	https://cocofloss.com	https://www.shopify.com/blog/shopify-stores
cocolab_pdp_cocobrush_5pack_2000x2000px_1_226x@2x.png	2x.png	0	0	https://cocofloss.com	https://www.shopify.com/blog/shopify-stores
screenshot_2026-03-09_at_4.55.45_pm_3b828781-6d56-484f-b1df-29a2f8c3ae5d_750x@2x.png	2x.png	0	0	https://cocofloss.com	https://www.shopify.com/blog/shopify-stores
cocofloss_thin_4_pack_2000x2000px-2_724x@2x.jpg	2x.jpg	0	0	https://cocofloss.com	https://www.shopify.com/blog/shopify-stores
cocolab_symbol_white_500x@2x.svg	2x.svg	0	0	https://cocofloss.com	https://www.shopify.com/blog/shopify-stores
com_pdp_product_2000x2000px_f58ab5cc-7c4f-438c-91ad-8e69b01beefa_800x@2x.png	2x.png	0	0	https://cocofloss.com	https://www.shopify.com/blog/shopify-stores
quiz-collection-thumbnail_670x220px_173x@2x.jpg	2x.jpg	0	0	https://cocofloss.com	https://www.shopify.com/blog/shopify-stores
delicious-mint_750x@2x.webp	2x.webp	0	0	https://cocofloss.com	https://www.shopify.com/blog/shopify-stores
confetti-cake_50x_1c90a3c2-da62-4b40-a89b-3d02accd5d3c_500x@2x.jpg	2x.jpg	0	0	https://cocofloss.com	https://www.shopify.com/blog/shopify-stores
com_pdp_product_2000x2000px_5ef45dab-e118-457e-bbad-31e01024c0af_226x@2x.png	2x.png	0	0	https://cocofloss.com	https://www.shopify.com/blog/shopify-stores
com_pdp_product_2000x2000px_1_d716c028-842d-4d40-94fc-055553195832_750x@2x.png	2x.png	0	0	https://cocofloss.com	https://www.shopify.com/blog/shopify-stores
com_pdp_cocoshine_4oz_hero_delightfulmint_2000x2000px_500x@2x.jpg	2x.jpg	0	0	https://cocofloss.com	https://www.shopify.com/blog/shopify-stores
com_pdp_product_2000x2000px_e9103249-819c-4437-97d7-ac56d4b4c816_1000x@2x.png	2x.png	0	0	https://cocofloss.com	https://www.shopify.com/blog/shopify-stores
011326_site_hp_module_quiz_1650x@2x.jpg	2x.jpg	0	0	https://cocofloss.com	https://www.shopify.com/blog/shopify-stores
delicious-mint_1000x@2x.webp	2x.webp	0	0	https://cocofloss.com	https://www.shopify.com/blog/shopify-stores
delicious-mint_64x@2x.webp	2x.webp	0	0	https://cocofloss.com	https://www.shopify.com/blog/shopify-stores
ehp_cocofloss_ongray_017_764d8494-7c4b-452c-a9f3-b8974d56c3e2_500x@2x.jpg	2x.jpg	0	0	https://cocofloss.com	https://www.shopify.com/blog/shopify-stores
com_pdp_product_2000x2000pxcopy3_226x@2x.png	2x.png	0	0	https://cocofloss.com	https://www.shopify.com/blog/shopify-stores
011326_site_hp_module_quiz_375x@2x.jpg	2x.jpg	0	0	https://cocofloss.com	https://www.shopify.com/blog/shopify-stores
mixed-fruits_50x_7ae38924-c9a5-4ded-a82e-9f03d6970e5f_64x@2x.webp	2x.webp	0	0	https://cocofloss.com	https://www.shopify.com/blog/shopify-stores
cocofloss_33yd_delightful-mint_2000x2000px_4_750x@2x.png	2x.png	0	0	https://cocofloss.com	https://www.shopify.com/blog/shopify-stores
pdp_cocofloss_readysetjetcompletebundle_2000x2000pxcopy4_500x@2x.png	2x.png	0	0	https://cocofloss.com	https://www.shopify.com/blog/shopify-stores
electric-brush-refill_pdp_01_226x@2x.jpg	2x.jpg	0	0	https://cocofloss.com	https://www.shopify.com/blog/shopify-stores
cocoshineduomintbundle_02edbc42-2147-4d5b-9412-7c893dbad765_750x@2x.png	2x.png	0	0	https://cocofloss.com	https://www.shopify.com/blog/shopify-stores
com_pdp_product_2000x2000px-1_65209f13-1185-41c4-b265-86d484ecf9b7_1000x@2x.png	2x.png	0	0	https://cocofloss.com	https://www.shopify.com/blog/shopify-stores
group_2303_375x@2x.jpg	2x.jpg	0	0	https://cocofloss.com	https://www.shopify.com/blog/shopify-stores
ehp_cocofloss_ongray_017_764d8494-7c4b-452c-a9f3-b8974d56c3e2_750x@2x.jpg	2x.jpg	0	0	https://cocofloss.com	https://www.shopify.com/blog/shopify-stores
com_pdp_cocoshine_4oz_hero_pinacolada_2000x2000px_1000x@2x.jpg	2x.jpg	0	0	https://cocofloss.com	https://www.shopify.com/blog/shopify-stores
cocolab_pdp_cocoshine_bundle_2000x2000px_750x@2x.png	2x.png	0	0	https://cocofloss.com	https://www.shopify.com/blog/shopify-stores
cocofloss_thin_4_pack_2000x2000px-2_800x@2x.jpg	2x.jpg	0	0	https://cocofloss.com	https://www.shopify.com/blog/shopify-stores
cocolab_pdp_cocoshine_bundle_2000x2000px_1000x@2x.png	2x.png	0	0	https://cocofloss.com	https://www.shopify.com/blog/shopify-stores
com_pdp_cocoshine_4oz_hero_delightfulmint_2000x2000px_1000x@2x.jpg	2x.jpg	0	0	https://cocofloss.com	https://www.shopify.com/blog/shopify-stores
pdp_cocofloss_readysetjetcompletebundle_2000x2000pxcopy4_1000x@2x.png	2x.png	0	0	https://cocofloss.com	https://www.shopify.com/blog/shopify-stores
pdp_cocofloss_delightfulmint_thin_33yd_64x@2x.png	2x.png	0	0	https://cocofloss.com	https://www.shopify.com/blog/shopify-stores
cocolab_pdp_cocofloss_33yd_wild-strawberry_7464623a-cdc8-4407-a2b2-f617419f5a1c_800x@2x.png	2x.png	0	0	https://cocofloss.com	https://www.shopify.com/blog/shopify-stores
mixed-fruits_50x_7ae38924-c9a5-4ded-a82e-9f03d6970e5f_750x@2x.webp	2x.webp	0	0	https://cocofloss.com	https://www.shopify.com/blog/shopify-stores
cocofloss_threaders_2000x2000px_6_500x@2x.png	2x.png	0	0	https://cocofloss.com	https://www.shopify.com/blog/shopify-stores
summer-watermelon_50x_8f095bd0-c7d2-431b-90de-2da9ec5a8188_750x@2x.png	2x.png	0	0	https://cocofloss.com	https://www.shopify.com/blog/shopify-stores
011326_site_hp_module_flossbrushshine_750x@2x.jpg	2x.jpg	0	0	https://cocofloss.com	https://www.shopify.com/blog/shopify-stores
rectangle_2108_750x@2x.png	2x.png	0	0	https://cocofloss.com	https://www.shopify.com/blog/shopify-stores
sweet_pineapple_64x@2x.png	2x.png	0	0	https://cocofloss.com	https://www.shopify.com/blog/shopify-stores
pdp_cocofloss_readysetjetcompletebundle_2000x2000px_fc0f38f0-0404-4293-aa62-83f2bf7ff6a6_226x@2x.png	2x.png	0	0	https://cocofloss.com	https://www.shopify.com/blog/shopify-stores
pdp_cocofloss_readysetjetcompletebundle_2000x2000px_fc0f38f0-0404-4293-aa62-83f2bf7ff6a6_500x@2x.png	2x.png	0	0	https://cocofloss.com	https://www.shopify.com/blog/shopify-stores
pdp_cocofloss_readysetjetcompletebundle_2000x2000pxcopy2_1000x@2x.png	2x.png	0	0	https://cocofloss.com	https://www.shopify.com/blog/shopify-stores
com_pdp_product_2000x2000px_e9103249-819c-4437-97d7-ac56d4b4c816_100x@2x.png	2x.png	0	0	https://cocofloss.com	https://www.shopify.com/blog/shopify-stores
sweet_pineapple_1000x@2x.png	2x.png	0	0	https://cocofloss.com	https://www.shopify.com/blog/shopify-stores
pdp_cocofloss_delightfulmint_thin_33yd_100x@2x.png	2x.png	0	0	https://cocofloss.com	https://www.shopify.com/blog/shopify-stores
pdp_cocofloss_readysetjetcompletebundle_2000x2000px_750x@2x.png	2x.png	0	0	https://cocofloss.com	https://www.shopify.com/blog/shopify-stores
everythingset_2000x2000px_1600x1_a398e9cb-4185-43ea-8206-f686cf37edc8_500x@2x.jpg	2x.jpg	0	0	https://cocofloss.com	https://www.shopify.com/blog/shopify-stores
vanilla_750x@2x.png	2x.png	0	0	https://cocofloss.com	https://www.shopify.com/blog/shopify-stores
011326_site_hp_module_yourdailyhit_750x@2x.jpg	2x.jpg	0	0	https://cocofloss.com	https://www.shopify.com/blog/shopify-stores
cocofloss_thin_4_pack_2000x2000px-2_1000x@2x.jpg	2x.jpg	0	0	https://cocofloss.com	https://www.shopify.com/blog/shopify-stores
quiz-collection-thumbnail_670x220px_335x@2x.jpg	2x.jpg	0	0	https://cocofloss.com	https://www.shopify.com/blog/shopify-stores
com_pdp_product_2000x2000px_f58ab5cc-7c4f-438c-91ad-8e69b01beefa_724x@2x.png	2x.png	0	0	https://cocofloss.com	https://www.shopify.com/blog/shopify-stores
pdp_cocofloss_readysetjetcompletebundle_2000x2000pxcopy2_100x@2x.png	2x.png	0	0	https://cocofloss.com	https://www.shopify.com/blog/shopify-stores
caracara-orange_50x_99232101-f66a-4f5f-91b2-a1936b987f71_64x@2x.png	2x.png	0	0	https://cocofloss.com	https://www.shopify.com/blog/shopify-stores
quiz-collection-thumbnail_346x346_85a3ca74-37d3-408b-ad3e-1ae707cabc1b_173x@2x.jpg	2x.jpg	0	0	https://cocofloss.com	https://www.shopify.com/blog/shopify-stores
com_pdp_cocoshine_4oz_hero_pinacolada_2000x2000px_500x@2x.jpg	2x.jpg	0	0	https://cocofloss.com	https://www.shopify.com/blog/shopify-stores
011326_site_hp_module_yourdailyhit_375x@2x.jpg	2x.jpg	0	0	https://cocofloss.com	https://www.shopify.com/blog/shopify-stores
com_pdp_cocoshine_4oz_hero_pinacolada_2000x2000px_750x@2x.jpg	2x.jpg	0	0	https://cocofloss.com	https://www.shopify.com/blog/shopify-stores
cocoshineduomintbundle_750x@2x.png	2x.png	0	0	https://cocofloss.com	https://www.shopify.com/blog/shopify-stores
012226_site_hp_mini_1100x@2x.jpg	2x.jpg	0	0	https://cocofloss.com	https://www.shopify.com/blog/shopify-stores
cocolab_pdp_smileblissset_blueskies_2000x2000px_ef11b0ed-cf80-424c-882e-9774b76fff2b_1000x@2x.png	2x.png	0	0	https://cocofloss.com	https://www.shopify.com/blog/shopify-stores
pdp_cocofloss_lychee_33yd_800x@2x.png	2x.png	0	0	https://cocofloss.com	https://www.shopify.com/blog/shopify-stores
com_pdp_product_2000x2000px_5ef45dab-e118-457e-bbad-31e01024c0af_750x@2x.png	2x.png	0	0	https://cocofloss.com	https://www.shopify.com/blog/shopify-stores
cocofloss_threaders_2000x2000px_6_226x@2x.png	2x.png	0	0	https://cocofloss.com	https://www.shopify.com/blog/shopify-stores
011326_site_hp_module_aboutus_v2_320x@2x.jpg	2x.jpg	0	0	https://cocofloss.com	https://www.shopify.com/blog/shopify-stores
screenshot_2026-03-09_at_4.55.45_pm_3b828781-6d56-484f-b1df-29a2f8c3ae5d_1000x@2x.png	2x.png	0	0	https://cocofloss.com	https://www.shopify.com/blog/shopify-stores
cocolab_pdp_cocofloss_33yd_young-coconut_255c35dd-1ef9-4059-8290-c866abb79e69_724x@2x.png	2x.png	0	0	https://cocofloss.com	https://www.shopify.com/blog/shopify-stores
summer-watermelon_50x_8f095bd0-c7d2-431b-90de-2da9ec5a8188_500x@2x.png	2x.png	0	0	https://cocofloss.com	https://www.shopify.com/blog/shopify-stores
com_pdp_cocoshine_4oz_hero_lycheebreeze_2000x2000px_750x@2x.jpg	2x.jpg	0	0	https://cocofloss.com	https://www.shopify.com/blog/shopify-stores
com_pdp_product_2000x2000px-2_69d20cc2-09a2-4ebc-80ea-7d4578b3826d_1000x@2x.png	2x.png	0	0	https://cocofloss.com	https://www.shopify.com/blog/shopify-stores
pdp_cocofloss_readysetjetcompletebundle_2000x2000px_1000x@2x.png	2x.png	0	0	https://cocofloss.com	https://www.shopify.com/blog/shopify-stores
pdp_cocofloss_delightfulmint_33yd_661fa570-d899-43cf-84da-0c56ffe1f6d5_724x@2x.png	2x.png	0	0	https://cocofloss.com	https://www.shopify.com/blog/shopify-stores
pdp_cocofloss_readysetjetcompletebundle_2000x2000pxcopy2_500x@2x.png	2x.png	0	0	https://cocofloss.com	https://www.shopify.com/blog/shopify-stores
cocolab_pdp_cocofloss_33yd_young-coconut_255c35dd-1ef9-4059-8290-c866abb79e69_800x@2x.png	2x.png	0	0	https://cocofloss.com	https://www.shopify.com/blog/shopify-stores
mixed-fragrances_1000x@2x.png	2x.png	0	0	https://cocofloss.com	https://www.shopify.com/blog/shopify-stores
screenshot_2026-03-09_at_4.55.45_pm_3b828781-6d56-484f-b1df-29a2f8c3ae5d_100x@2x.png	2x.png	0	0	https://cocofloss.com	https://www.shopify.com/blog/shopify-stores
pdp_com_cocofloss_confetticake_33yd_724x@2x.jpg	2x.jpg	0	0	https://cocofloss.com	https://www.shopify.com/blog/shopify-stores
fresh-coconut_50x_d6d6318f-1371-4ea3-89f4-cdfbeb45c854_1000x@2x.png	2x.png	0	0	https://cocofloss.com	https://www.shopify.com/blog/shopify-stores
cocolab_pdp_cocofloss_33yd_cara-cara-orange_8d83bed9-ac9b-4408-a7e1-6c93baf67d6c_800x@2x.png	2x.png	0	0	https://cocofloss.com	https://www.shopify.com/blog/shopify-stores
refillehp_cocofloss_ongray_017large_100x@2x.jpg	2x.jpg	0	0	https://cocofloss.com	https://www.shopify.com/blog/shopify-stores
com_pdp_product_2000x2000px_2_100x@2x.png	2x.png	0	0	https://cocofloss.com	https://www.shopify.com/blog/shopify-stores
cocofloss_refill_delightful-mint_2000x2000px_500x@2x.jpg	2x.jpg	0	0	https://cocofloss.com	https://www.shopify.com/blog/shopify-stores
vanilla_64x@2x.png	2x.png	0	0	https://cocofloss.com	https://www.shopify.com/blog/shopify-stores
quiz-collection-thumbnail_346x346_85a3ca74-37d3-408b-ad3e-1ae707cabc1b_335x@2x.jpg	2x.jpg	0	0	https://cocofloss.com	https://www.shopify.com/blog/shopify-stores
sweet_pineapple_500x@2x.png	2x.png	0	0	https://cocofloss.com	https://www.shopify.com/blog/shopify-stores
cocoshineduomintbundle_a5a4b33c-517a-4325-84f2-b255eaf79f3a_226x@2x.png	2x.png	0	0	https://cocofloss.com	https://www.shopify.com/blog/shopify-stores
pdp_com_cocofloss_purepeppermint_33yd_800x@2x.png	2x.png	0	0	https://cocofloss.com	https://www.shopify.com/blog/shopify-stores
com_pdp_cocoshine_4oz_hero_delightfulmint_2000x2000px_100x@2x.jpg	2x.jpg	0	0	https://cocofloss.com	https://www.shopify.com/blog/shopify-stores
cocoshineduomintbundle_a5a4b33c-517a-4325-84f2-b255eaf79f3a_1000x@2x.png	2x.png	0	0	https://cocofloss.com	https://www.shopify.com/blog/shopify-stores
pdp_cocofloss_lychee_33yd_724x@2x.png	2x.png	0	0	https://cocofloss.com	https://www.shopify.com/blog/shopify-stores
com_pdp_product_2000x2000px_f58ab5cc-7c4f-438c-91ad-8e69b01beefa_1000x@2x.png	2x.png	0	0	https://cocofloss.com	https://www.shopify.com/blog/shopify-stores
cocolab_pdp_cocofloss_33yd_vanilla-bean_74b3e4b8-27f8-433a-b823-849a506153dc_800x@2x.png	2x.png	0	0	https://cocofloss.com	https://www.shopify.com/blog/shopify-stores
cocoshineduomintbundle_a5a4b33c-517a-4325-84f2-b255eaf79f3a_500x@2x.png	2x.png	0	0	https://cocofloss.com	https://www.shopify.com/blog/shopify-stores
captura_de_ecra_2026-01-14_as_18.41.38_500x@2x.png	2x.png	0	0	https://cocofloss.com	https://www.shopify.com/blog/shopify-stores
011326_site_hp_module_flossbrushshine_540x@2x.jpg	2x.jpg	0	0	https://cocofloss.com	https://www.shopify.com/blog/shopify-stores
pdp_cocofloss_delightfulmint_thin_33yd_500x@2x.png	2x.png	0	0	https://cocofloss.com	https://www.shopify.com/blog/shopify-stores
com_pdp_product_2000x2000px_1_d716c028-842d-4d40-94fc-055553195832_500x@2x.png	2x.png	0	0	https://cocofloss.com	https://www.shopify.com/blog/shopify-stores
pdp_cocofloss_delightfulmint_33yd_661fa570-d899-43cf-84da-0c56ffe1f6d5_800x@2x.png	2x.png	0	0	https://cocofloss.com	https://www.shopify.com/blog/shopify-stores
011326_site_hp_module_yourdailyhit_2000x@2x.jpg	2x.jpg	0	0	https://cocofloss.com	https://www.shopify.com/blog/shopify-stores
pure_peppermint_1000x@2x.png	2x.png	0	0	https://cocofloss.com	https://www.shopify.com/blog/shopify-stores
com_pdp_cocoshine_4oz_hero_lycheebreeze_2000x2000px_500x@2x.jpg	2x.jpg	0	0	https://cocofloss.com	https://www.shopify.com/blog/shopify-stores
partnerships@cocolab.com	cocolab.com	0	0	https://cocofloss.com/pages/contact	https://www.shopify.com/blog/shopify-stores
contact_us_1650x@2x.jpg	2x.jpg	0	0	https://cocofloss.com/pages/contact	https://www.shopify.com/blog/shopify-stores
contact_us_1500x@2x.jpg	2x.jpg	0	0	https://cocofloss.com/pages/contact	https://www.shopify.com/blog/shopify-stores
press@cocolab.com	cocolab.com	0	0	https://cocofloss.com/pages/contact	https://www.shopify.com/blog/shopify-stores
contact_us_500x@2x.jpg	2x.jpg	0	0	https://cocofloss.com/pages/contact	https://www.shopify.com/blog/shopify-stores
contact_us_1100x@2x.jpg	2x.jpg	0	0	https://cocofloss.com/pages/contact	https://www.shopify.com/blog/shopify-stores
dental@cocolab.com	cocolab.com	0	0	https://cocofloss.com/pages/contact	https://www.shopify.com/blog/shopify-stores
contact_us_375x@2x.jpg	2x.jpg	0	0	https://cocofloss.com/pages/contact	https://www.shopify.com/blog/shopify-stores
help@cocolab.com	cocolab.com	0	0	https://cocofloss.com/pages/contact	https://www.shopify.com/blog/shopify-stores
contact_us_320x@2x.jpg	2x.jpg	0	0	https://cocofloss.com/pages/contact	https://www.shopify.com/blog/shopify-stores
contact_us_750x@2x.jpg	2x.jpg	0	0	https://cocofloss.com/pages/contact	https://www.shopify.com/blog/shopify-stores
cocofloss_on_instagram_flossing_doesn_t_need_to_be_a_strugg_1_1500x@2x.jpg	2x.jpg	0	0	https://cocofloss.com/pages/about	https://www.shopify.com/blog/shopify-stores
com_pdp_product_2000x2000px_500x@2x.png	2x.png	0	0	https://cocofloss.com/pages/about	https://www.shopify.com/blog/shopify-stores
netbenefits03_1500x@2x.webp	2x.webp	0	0	https://cocofloss.com/pages/about	https://www.shopify.com/blog/shopify-stores
netbenefits03_1650x@2x.webp	2x.webp	0	0	https://cocofloss.com/pages/about	https://www.shopify.com/blog/shopify-stores
pdp_great-gums-pdp-size0_1_1000x@2x.jpg	2x.jpg	0	0	https://cocofloss.com/pages/about	https://www.shopify.com/blog/shopify-stores
cocolab_pdp_cocobrush_sunsethues_2000x2000px_226x@2x.png	2x.png	0	0	https://cocofloss.com/pages/about	https://www.shopify.com/blog/shopify-stores
4_pack_opening_375x@2x.webp	2x.webp	0	0	https://cocofloss.com/pages/about	https://www.shopify.com/blog/shopify-stores
cocofloss_on_instagram_flossing_doesn_t_need_to_be_a_strugg_1_320x@2x.jpg	2x.jpg	0	0	https://cocofloss.com/pages/about	https://www.shopify.com/blog/shopify-stores
ehp_cocobrush_stand_03_cb5862c0-9a6e-4d63-bc9f-0ba7ff1af081_1500x@2x.jpg	2x.jpg	0	0	https://cocofloss.com/pages/about	https://www.shopify.com/blog/shopify-stores
why-cocofloss_social-story-block_teddy_974x1560px_1500x@2x.jpg	2x.jpg	0	0	https://cocofloss.com/pages/about	https://www.shopify.com/blog/shopify-stores
4_pack_opening_1500x@2x.webp	2x.webp	0	0	https://cocofloss.com/pages/about	https://www.shopify.com/blog/shopify-stores
4_pack_opening_1100x@2x.webp	2x.webp	0	0	https://cocofloss.com/pages/about	https://www.shopify.com/blog/shopify-stores
choose-soft-bristle_cocobrush-all_featured-content_homepage_800x1280px_320x@2x.jpg	2x.jpg	0	0	https://cocofloss.com/pages/about	https://www.shopify.com/blog/shopify-stores
ehp_cocobrush_stand_03_cb5862c0-9a6e-4d63-bc9f-0ba7ff1af081_500x@2x.jpg	2x.jpg	0	0	https://cocofloss.com/pages/about	https://www.shopify.com/blog/shopify-stores
cocolab_pdp_cocobrush_sunsethues_2000x2000px_1000x@2x.png	2x.png	0	0	https://cocofloss.com/pages/about	https://www.shopify.com/blog/shopify-stores
cocofloss_on_instagram_flossing_doesn_t_need_to_be_a_strugg_1_375x@2x.jpg	2x.jpg	0	0	https://cocofloss.com/pages/about	https://www.shopify.com/blog/shopify-stores
cocofloss_on_instagram_flossing_doesn_t_need_to_be_a_strugg_1_1100x@2x.jpg	2x.jpg	0	0	https://cocofloss.com/pages/about	https://www.shopify.com/blog/shopify-stores
ehp_cocobrush_stand_03_cb5862c0-9a6e-4d63-bc9f-0ba7ff1af081_1100x@2x.jpg	2x.jpg	0	0	https://cocofloss.com/pages/about	https://www.shopify.com/blog/shopify-stores
pdp_great-gums-pdp-size0_1_750x@2x.jpg	2x.jpg	0	0	https://cocofloss.com/pages/about	https://www.shopify.com/blog/shopify-stores
4_pack_opening_1650x@2x.webp	2x.webp	0	0	https://cocofloss.com/pages/about	https://www.shopify.com/blog/shopify-stores
why-cocofloss_social-story-block_teddy_974x1560px_1100x@2x.jpg	2x.jpg	0	0	https://cocofloss.com/pages/about	https://www.shopify.com/blog/shopify-stores
4_pack_opening_500x@2x.webp	2x.webp	0	0	https://cocofloss.com/pages/about	https://www.shopify.com/blog/shopify-stores
cocolab_pdp_cocobrush_sunsethues_2000x2000px_750x@2x.png	2x.png	0	0	https://cocofloss.com/pages/about	https://www.shopify.com/blog/shopify-stores
why-cocofloss_social-story-block_teddy_974x1560px_320x@2x.jpg	2x.jpg	0	0	https://cocofloss.com/pages/about	https://www.shopify.com/blog/shopify-stores
netbenefits03_750x@2x.webp	2x.webp	0	0	https://cocofloss.com/pages/about	https://www.shopify.com/blog/shopify-stores
cocolab_pdp_cocobrush_sunsethues_2000x2000px_500x@2x.png	2x.png	0	0	https://cocofloss.com/pages/about	https://www.shopify.com/blog/shopify-stores
com_pdp_product_2000x2000px_1000x@2x.png	2x.png	0	0	https://cocofloss.com/pages/about	https://www.shopify.com/blog/shopify-stores
choose-soft-bristle_cocobrush-all_featured-content_homepage_800x1280px_375x@2x.jpg	2x.jpg	0	0	https://cocofloss.com/pages/about	https://www.shopify.com/blog/shopify-stores
com_pdp_product_2000x2000px_226x@2x.png	2x.png	0	0	https://cocofloss.com/pages/about	https://www.shopify.com/blog/shopify-stores
4_pack_opening_750x@2x.webp	2x.webp	0	0	https://cocofloss.com/pages/about	https://www.shopify.com/blog/shopify-stores
why-cocofloss_social-story-block_teddy_974x1560px_750x@2x.jpg	2x.jpg	0	0	https://cocofloss.com/pages/about	https://www.shopify.com/blog/shopify-stores
choose-soft-bristle_cocobrush-all_featured-content_homepage_800x1280px_500x@2x.jpg	2x.jpg	0	0	https://cocofloss.com/pages/about	https://www.shopify.com/blog/shopify-stores
choose-soft-bristle_cocobrush-all_featured-content_homepage_800x1280px_1100x@2x.jpg	2x.jpg	0	0	https://cocofloss.com/pages/about	https://www.shopify.com/blog/shopify-stores
pdp_great-gums-pdp-size0_1_226x@2x.jpg	2x.jpg	0	0	https://cocofloss.com/pages/about	https://www.shopify.com/blog/shopify-stores
why-cocofloss_social-story-block_teddy_974x1560px_500x@2x.jpg	2x.jpg	0	0	https://cocofloss.com/pages/about	https://www.shopify.com/blog/shopify-stores
pdp_great-gums-pdp-size0_1_500x@2x.jpg	2x.jpg	0	0	https://cocofloss.com/pages/about	https://www.shopify.com/blog/shopify-stores
cocofloss_on_instagram_flossing_doesn_t_need_to_be_a_strugg_1_500x@2x.jpg	2x.jpg	0	0	https://cocofloss.com/pages/about	https://www.shopify.com/blog/shopify-stores
ehp_cocobrush_stand_03_cb5862c0-9a6e-4d63-bc9f-0ba7ff1af081_750x@2x.jpg	2x.jpg	0	0	https://cocofloss.com/pages/about	https://www.shopify.com/blog/shopify-stores
why-cocofloss_social-story-block_teddy_974x1560px_1650x@2x.jpg	2x.jpg	0	0	https://cocofloss.com/pages/about	https://www.shopify.com/blog/shopify-stores
choose-soft-bristle_cocobrush-all_featured-content_homepage_800x1280px_1500x@2x.jpg	2x.jpg	0	0	https://cocofloss.com/pages/about	https://www.shopify.com/blog/shopify-stores
cocofloss_on_instagram_flossing_doesn_t_need_to_be_a_strugg_1_750x@2x.jpg	2x.jpg	0	0	https://cocofloss.com/pages/about	https://www.shopify.com/blog/shopify-stores
ehp_cocobrush_stand_03_cb5862c0-9a6e-4d63-bc9f-0ba7ff1af081_1650x@2x.jpg	2x.jpg	0	0	https://cocofloss.com/pages/about	https://www.shopify.com/blog/shopify-stores
ehp_cocobrush_stand_03_cb5862c0-9a6e-4d63-bc9f-0ba7ff1af081_320x@2x.jpg	2x.jpg	0	0	https://cocofloss.com/pages/about	https://www.shopify.com/blog/shopify-stores
choose-soft-bristle_cocobrush-all_featured-content_homepage_800x1280px_750x@2x.jpg	2x.jpg	0	0	https://cocofloss.com/pages/about	https://www.shopify.com/blog/shopify-stores
netbenefits03_1100x@2x.webp	2x.webp	0	0	https://cocofloss.com/pages/about	https://www.shopify.com/blog/shopify-stores
why-cocofloss_social-story-block_teddy_974x1560px_375x@2x.jpg	2x.jpg	0	0	https://cocofloss.com/pages/about	https://www.shopify.com/blog/shopify-stores
choose-soft-bristle_cocobrush-all_featured-content_homepage_800x1280px_1650x@2x.jpg	2x.jpg	0	0	https://cocofloss.com/pages/about	https://www.shopify.com/blog/shopify-stores
ehp_cocobrush_stand_03_cb5862c0-9a6e-4d63-bc9f-0ba7ff1af081_375x@2x.jpg	2x.jpg	0	0	https://cocofloss.com/pages/about	https://www.shopify.com/blog/shopify-stores
cocofloss_on_instagram_flossing_doesn_t_need_to_be_a_strugg_1_1650x@2x.jpg	2x.jpg	0	0	https://cocofloss.com/pages/about	https://www.shopify.com/blog/shopify-stores
netbenefits03_320x@2x.webp	2x.webp	0	0	https://cocofloss.com/pages/about	https://www.shopify.com/blog/shopify-stores
netbenefits03_375x@2x.webp	2x.webp	0	0	https://cocofloss.com/pages/about	https://www.shopify.com/blog/shopify-stores
4_pack_opening_320x@2x.webp	2x.webp	0	0	https://cocofloss.com/pages/about	https://www.shopify.com/blog/shopify-stores
com_pdp_product_2000x2000px_750x@2x.png	2x.png	0	0	https://cocofloss.com/pages/about	https://www.shopify.com/blog/shopify-stores
netbenefits03_500x@2x.webp	2x.webp	0	0	https://cocofloss.com/pages/about	https://www.shopify.com/blog/shopify-stores
blue@unitedbyblue.com	unitedbyblue.com	0	0	https://unitedbyblue.com/contact	https://www.shopify.com/blog/shopify-stores
customerservice@lunchskins.com	lunchskins.com	0	0	https://lunchskins.com	https://www.shopify.com/blog/shopify-stores
hello@velasca.com	velasca.com	0	0	https://velasca.com	https://www.shopify.com/blog/shopify-stores
asset_3_120x@2x.png	2x.png	0	0	https://manitobah.com	https://www.shopify.com/blog/shopify-stores
asset_3_150x@2x.png	2x.png	0	0	https://manitobah.com	https://www.shopify.com/blog/shopify-stores
property_1_vertical_property_2_blue_150x@2x.png	2x.png	0	0	https://manitobah.com	https://www.shopify.com/blog/shopify-stores
property_1_vertical_property_2_blue_120x@2x.png	2x.png	0	0	https://manitobah.com	https://www.shopify.com/blog/shopify-stores
customercare@manitobah.ca	manitobah.ca	0	0	https://manitobah.com	https://www.shopify.com/blog/shopify-stores
user@domain.com	domain.com	0	0	https://the-outrage.com	https://www.shopify.com/blog/shopify-stores
vue-shadow-dom@4.2.0.c6ed52f5c4de.mjs	4.2.0.c6ed52f5c4de.mjs	0	0	https://shopifyacademy.com	https://www.shopify.com/blog/shopify-stores
vue@3.4.15.min.3a7e0323bd7d.js	3.4.15.min.3a7e0323bd7d.js	0	0	https://shopifyacademy.com	https://www.shopify.com/blog/shopify-stores
hello@cowboy.com	cowboy.com	0	0	https://cowboy.com	https://www.shopify.com/blog/shopify-stores
u003ehello@cowboy.com	cowboy.com	0	0	https://cowboy.com	https://www.shopify.com/blog/shopify-stores
u003epartner@cowboy.com	cowboy.com	0	0	https://cowboy.com	https://www.shopify.com/blog/shopify-stores
u003erecallteam@cowboy.com	cowboy.com	0	0	https://cowboy.com	https://www.shopify.com/blog/shopify-stores
1a05f2596a64e152bb37d22c039abd91@o374992.ingest.us.sentry.io	o374992.ingest.us.sentry.io	0	0	https://cowboy.com	https://www.shopify.com/blog/shopify-stores
u003epress@cowboy.com	cowboy.com	0	0	https://cowboy.com	https://www.shopify.com/blog/shopify-stores
recallteam@cowboy.com	cowboy.com	0	0	https://cowboy.com	https://www.shopify.com/blog/shopify-stores
hello@sokoglam.com	sokoglam.com	0	0	https://sokoglam.com	https://www.shopify.com/blog/shopify-stores
press@sokoglam.com	sokoglam.com	0	0	https://sokoglam.com/pages/contact	https://www.shopify.com/blog/shopify-stores
hello@madeincookware.com	madeincookware.com	0	0	https://madeincookware.com	https://www.shopify.com/blog/shopify-stores
example@email.com	email.com	0	0	https://suta.in	https://www.shopify.com/blog/shopify-stores
abc@xyz.com	xyz.com	0	0	https://suta.in	https://www.shopify.com/blog/shopify-stores
info@suta.in	suta.in	0	0	https://suta.in	https://www.shopify.com/blog/shopify-stores
office@terrebleu.ca	terrebleu.ca	0	0	https://terrebleu.ca	https://www.shopify.com/blog/shopify-stores
check_out_logo_1_r_x60@2x.png	2x.png	0	0	https://yeungmancooking.com	https://www.shopify.com/blog/shopify-stores
hello@yeungmancooking.com	yeungmancooking.com	0	0	https://yeungmancooking.com/pages/contact	https://www.shopify.com/blog/shopify-stores
vendors@layout.theme.js	layout.theme.js	0	0	https://thenimetyou.com	https://www.shopify.com/blog/shopify-stores
med-imy-lip_mask-pdp-1-lowres-v2_1_320x650@2x.png	2x.png	0	0	https://thenimetyou.com	https://www.shopify.com/blog/shopify-stores
b2bc-navbar-dropdown_1becfe82-ca8a-4a69-aacc-d7957ac6d50a_90x120@2x.png	2x.png	0	0	https://thenimetyou.com	https://www.shopify.com/blog/shopify-stores
tge-navbar-dropdown_bfad5424-c68a-4420-9551-5abe46c05116_90x120@2x.png	2x.png	0	0	https://thenimetyou.com	https://www.shopify.com/blog/shopify-stores
harpers-bazaar-logo-500x281_100x@2x.png	2x.png	0	0	https://thenimetyou.com	https://www.shopify.com/blog/shopify-stores
essence_silhouette_v2_3_3_dc663712-9bca-403f-8901-9a3925522753_320x650@2x.png	2x.png	0	0	https://thenimetyou.com	https://www.shopify.com/blog/shopify-stores
sweater_flatlay_-_nobg_90x120@2x.png	2x.png	0	0	https://thenimetyou.com	https://www.shopify.com/blog/shopify-stores
1.7_timy-__evergreen__gift_card_gift_card_receipt_page_mockup-11_ba6e04fd-f446-4779-a7d8-24fccb9ee5af_90x120@2x.png	2x.png	0	0	https://thenimetyou.com	https://www.shopify.com/blog/shopify-stores
renewingduo-dropdown-product_90x120@2x.png	2x.png	0	0	https://thenimetyou.com	https://www.shopify.com/blog/shopify-stores
pdp_purify-_-plump-duo_1_90x120@2x.png	2x.png	0	0	https://thenimetyou.com	https://www.shopify.com/blog/shopify-stores
rrbc-dropdown-v6_90x120@2x.png	2x.png	0	0	https://thenimetyou.com	https://www.shopify.com/blog/shopify-stores
timy_smec_1193_banner_hp_hero_desktop_1270x700@2x.jpg	2x.jpg	0	0	https://thenimetyou.com	https://www.shopify.com/blog/shopify-stores
allure_logo_100x@2x.png	2x.png	0	0	https://thenimetyou.com	https://www.shopify.com/blog/shopify-stores
stcg-navbar-dropdown_a4897971-d3be-4513-951f-05070c1db8b5_90x120@2x.png	2x.png	0	0	https://thenimetyou.com	https://www.shopify.com/blog/shopify-stores
tcd-navbar-dropdown_cf3f8fb0-bcdb-4e3d-ba03-8c23093ba990_90x120@2x.png	2x.png	0	0	https://thenimetyou.com	https://www.shopify.com/blog/shopify-stores
lcb_1_90x120@2x.png	2x.png	0	0	https://thenimetyou.com	https://www.shopify.com/blog/shopify-stores
237x450timy_moisturizer_pdp1_fullres_3_320x650@2x.png	2x.png	0	0	https://thenimetyou.com	https://www.shopify.com/blog/shopify-stores
marie_claire_magazine_logo_svg_100x@2x.png	2x.png	0	0	https://thenimetyou.com	https://www.shopify.com/blog/shopify-stores
rrfm_mini_product_image_1_90x120@2x.png	2x.png	0	0	https://thenimetyou.com	https://www.shopify.com/blog/shopify-stores
timy-the_jet_set_trio-navbar-dropdown_90x120@2x.png	2x.png	0	0	https://thenimetyou.com	https://www.shopify.com/blog/shopify-stores
timy-lip_mask-pdp-1-lowres-v3-small_90x120@2x.png	2x.png	0	0	https://thenimetyou.com	https://www.shopify.com/blog/shopify-stores
timy-protect-and-purify-duo-right-navbar-dropdown_2_90x120@2x.png	2x.png	0	0	https://thenimetyou.com	https://www.shopify.com/blog/shopify-stores
boj_dropdown_90x120@2x.png	2x.png	0	0	https://thenimetyou.com	https://www.shopify.com/blog/shopify-stores
lsct-dropdown_90x120@2x.png	2x.png	0	0	https://thenimetyou.com	https://www.shopify.com/blog/shopify-stores
no-image-2048-a2addb12_320x650@2x.gif	2x.gif	0	0	https://thenimetyou.com	https://www.shopify.com/blog/shopify-stores
timy_smec_1193_banner_hp_hero_mobile_1270x700@2x.jpg	2x.jpg	0	0	https://thenimetyou.com	https://www.shopify.com/blog/shopify-stores
revised_product_hero_small_icon_new_90x120@2x.png	2x.png	0	0	https://thenimetyou.com	https://www.shopify.com/blog/shopify-stores
els-navbar-dropdown-lowres_63961179-e8f7-412f-a566-8fff56603c05_90x120@2x.png	2x.png	0	0	https://thenimetyou.com	https://www.shopify.com/blog/shopify-stores
charlotte@sokoglam.com	sokoglam.com	0	0	https://thenimetyou.com	https://www.shopify.com/blog/shopify-stores
sbd-navbar-dropdown_90x120@2x.png	2x.png	0	0	https://thenimetyou.com	https://www.shopify.com/blog/shopify-stores
toner_silhouette_v2_50c0418e-bfb4-4299-80c9-f69990141132_320x650@2x.png	2x.png	0	0	https://thenimetyou.com	https://www.shopify.com/blog/shopify-stores
dhes-navbar-dropdown_2_90x120@2x.png	2x.png	0	0	https://thenimetyou.com	https://www.shopify.com/blog/shopify-stores
glamour_v3_100x@2x.png	2x.png	0	0	https://thenimetyou.com	https://www.shopify.com/blog/shopify-stores
bmrt-navbar-dropdown_90x120@2x.png	2x.png	0	0	https://thenimetyou.com	https://www.shopify.com/blog/shopify-stores
cleansing_balm_copy_1_320x650@2x.png	2x.png	0	0	https://thenimetyou.com	https://www.shopify.com/blog/shopify-stores
golki_3_90x120@2x.png	2x.png	0	0	https://thenimetyou.com	https://www.shopify.com/blog/shopify-stores
gel_web_65856154-b61d-4c6b-82fd-7d558df7c0ee_320x650@2x.png	2x.png	0	0	https://thenimetyou.com	https://www.shopify.com/blog/shopify-stores
timy-best-sellers-trio-set-navbar-dropdown_90x120@2x.png	2x.png	0	0	https://thenimetyou.com	https://www.shopify.com/blog/shopify-stores
hello@thenimetyou.com	thenimetyou.com	0	0	https://thenimetyou.com/pages/contact	https://www.shopify.com/blog/shopify-stores
press@thenimetyou.com	thenimetyou.com	0	0	https://thenimetyou.com/pages/contact	https://www.shopify.com/blog/shopify-stores
your-email@example.com	example.com	0	0	https://flourist.com	https://www.shopify.com/blog/shopify-stores
press@flourist.com	flourist.com	0	0	https://flourist.com/pages/contact	https://www.shopify.com/blog/shopify-stores
orders@flourist.com	flourist.com	0	0	https://flourist.com/pages/contact	https://www.shopify.com/blog/shopify-stores
%20press@flourist.com	flourist.com	0	0	https://flourist.com/pages/contact	https://www.shopify.com/blog/shopify-stores
jobs@flourist.com	flourist.com	0	0	https://flourist.com/pages/contact	https://www.shopify.com/blog/shopify-stores
%20info@flourist.com	flourist.com	0	0	https://flourist.com/pages/contact	https://www.shopify.com/blog/shopify-stores
%20orders@flourist.com	flourist.com	0	0	https://flourist.com/pages/contact	https://www.shopify.com/blog/shopify-stores
%20jobs@flourist.com	flourist.com	0	0	https://flourist.com/pages/contact	https://www.shopify.com/blog/shopify-stores
press@flourist.comfor	flourist.comfor	0	0	https://flourist.com/pages/contact	https://www.shopify.com/blog/shopify-stores
orders@flourist.comapply	flourist.comapply	0	0	https://flourist.com/pages/contact	https://www.shopify.com/blog/shopify-stores
info@flourist.com	flourist.com	0	0	https://flourist.com/pages/contact	https://www.shopify.com/blog/shopify-stores
