email,ts
charlotte@sokoglam.com,2026-07-18T12:10:59
recallteam@cowboy.com,2026-07-18T12:11:02
press@cowboy.com,2026-07-18T12:11:05
partner@cowboy.com,2026-07-18T12:11:08
hello@cowboy.com,2026-07-18T12:11:11
recipient@giftnote.com,2026-07-18T12:11:14
customercare@manitobah.ca,2026-07-18T12:11:17
partners@beneathyourmask.com,2026-07-18T12:11:19
support@beneathyourmask.com,2026-07-18T12:11:22
hello@beneathyourmask.com,2026-07-18T12:11:25
pr@pelacase.com,2026-07-18T12:11:27
collab@pelacase.com,2026-07-18T12:11:30
hello@pelacase.com,2026-07-18T12:11:33
hr@pelacase.com,2026-07-18T12:11:35
bulkorders@allbirds.com,2026-07-18T12:11:38
privacy@allbirds.com,2026-07-18T12:11:41
legal@allbirds.com,2026-07-18T12:11:44
help@allbirds.com,2026-07-18T12:11:47
info@flourist.com,2026-07-18T12:11:50
press@flourist.comfor,2026-07-18T12:11:52
orders@flourist.comapply,2026-07-18T12:11:56
press@flourist.com,2026-07-18T12:11:58
orders@flourist.com,2026-07-18T12:12:01
jobs@flourist.com,2026-07-18T12:12:04
hello@yeungmancooking.com,2026-07-18T12:12:07
hello@sokoglam.com,2026-07-18T12:12:10
press@sokoglam.com,2026-07-18T12:12:12
shop@uppercasemagazine.com,2026-07-18T12:12:15
hello@bruvi.com,2026-07-18T12:12:18
influencers@thehoneypot.co,2026-07-18T12:12:21
press@thehoneypot.co,2026-07-18T12:12:24
sponsorships@thehoneypot.co,2026-07-18T12:12:26
support@maguireshoes.com,2026-07-18T12:12:29
hello@maguireshoes.com,2026-07-18T12:12:32
hello@maguireshoes.combusiness,2026-07-18T12:12:35
care@camillebrinch.com,2026-07-18T12:12:38
care@camillebrinch.comphone,2026-07-18T12:12:40
flybyjing@isetta.co,2026-07-18T12:12:43
support@flybyjing.com,2026-07-18T12:12:46
service@adoredvintage.com,2026-07-18T12:12:49
wholesale@meowmeowtweet.com,2026-07-18T12:12:51
press@meowmeowtweet.com,2026-07-18T12:12:55
hello@meowmeowtweet.com,2026-07-18T12:12:58
aa4cacd33be28673d7e69be559ce7ad7@o4506196830715904.ingest.us.sentry.io,2026-07-18T12:13:00
support@lootcrate.com,2026-07-18T12:13:03
supplier.relations@lootcrate.com,2026-07-18T12:13:06
advertising@lootcrate.com,2026-07-18T12:13:09
privacy@lootcrate.com,2026-07-18T12:13:11
brands@lootcrate.com,2026-07-18T12:13:14
press@lootcrate.com,2026-07-18T12:13:17
partner.relations@lootcrate.com,2026-07-18T12:13:20
hello@lastobject.com,2026-07-18T12:13:23
support@packagefreeshop.com,2026-07-18T12:13:26
support@packagefreeshop.comwe,2026-07-18T12:13:29
iza@bebemoss.com,2026-07-18T12:13:32
n@home.and.haze,2026-07-18T12:13:35
hello@velasca.com,2026-07-18T12:13:37
info@suta.in,2026-07-18T12:13:40
marketing@suta.in,2026-07-18T12:13:43
customerservice@lunchskins.com,2026-07-18T12:13:45
you@yachtmail.com,2026-07-18T12:13:48
vacation@vacation.inc,2026-07-18T12:13:51
jobs@vacation.inc,2026-07-18T12:13:54
wholesale@vacation.inc,2026-07-18T12:13:56
influencer@vacation.inc,2026-07-18T12:13:59
press@vacation.inc,2026-07-18T12:14:02
partnerships@vacation.inc,2026-07-18T12:14:05
careers@tazachocolate.com,2026-07-18T12:14:08
press@tazachocolate.com,2026-07-18T12:14:10
tours@tazachocolate.com,2026-07-18T12:14:13
wholesale@tazachocolate.com,2026-07-18T12:14:16
info@tazachocolate.com,2026-07-18T12:14:19
tours@tazachocolate.comphone,2026-07-18T12:14:22
brandon@shocksurplus.com,2026-07-18T12:14:24
jeff@shocksurplus.com,2026-07-18T12:14:27
shock@surplus.com,2026-07-18T12:14:30
support@shocksurplus.com,2026-07-18T12:14:33
info@stagheaddesigns.com,2026-07-18T12:14:36
hello@bitetoothpastebits.com,2026-07-18T12:14:38
blue@unitedbyblue.com,2026-07-18T12:14:41
support@freshheritage.com,2026-07-18T12:14:44
gang@potgang.co.uk,2026-07-18T12:14:47
hello@quitenice.com,2026-07-18T12:14:49
hi@heydaycanning.com,2026-07-18T12:14:52
hi@drinkghia.com,2026-07-18T12:14:55
partnerships@drinkghia.com,2026-07-18T12:14:58
press@drinkghia.com,2026-07-18T12:15:01
help@larroude.com,2026-07-18T12:15:03
support@tentree.com,2026-07-18T12:15:06
yourfriends@mote.agency,2026-07-18T12:15:09
press@mote.agency,2026-07-18T12:15:12
careers@mote.agency,2026-07-18T12:15:14
inquiries@mote.agency,2026-07-18T12:15:17
office@terrebleu.ca,2026-07-18T12:15:20
jim.muzyka@fennario.ca,2026-07-18T12:15:22
perfect@perfectwhitetee.com,2026-07-18T12:15:25
westmount@goodeeworld.com,2026-07-18T12:15:28
trade@goodeeworld.com,2026-07-18T12:15:30
careers@goodeeworld.com,2026-07-18T12:15:33
submissionssubmissions@goodeeworld.com,2026-07-18T12:15:36
